{
    "keyboard_name": "wenneboardv1",
    "processor": "RP2040",
    "url": "https://your-custom-keyboard-link.com",
    "maintainer": "your-github-username",
    "width": 15,
    "height": 6,
    "layouts": {
        "LAYOUT_6X15": {
            "description": "6x15 Ortholinear Layout",
            "layout": [
                { "matrix": [0, 0], "x": 0.00, "y": 0.00 },
                { "matrix": [0, 1], "x": 1.00, "y": 0.00 },
                { "matrix": [0, 2], "x": 2.00, "y": 0.00 },
                { "matrix": [0, 3], "x": 3.00, "y": 0.00 },
                { "matrix": [0, 4], "x": 4.00, "y": 0.00 },
                { "matrix": [0, 5], "x": 5.00, "y": 0.00 },
                { "matrix": [0, 6], "x": 6.00, "y": 0.00 },
                { "matrix": [0, 7], "x": 7.00, "y": 0.00 },
                { "matrix": [0, 8], "x": 8.00, "y": 0.00 },
                { "matrix": [0, 9], "x": 9.00, "y": 0.00 },
                { "matrix": [0, 10], "x": 10.00, "y": 0.00 },
                { "matrix": [0, 11], "x": 11.00, "y": 0.00 },
                { "matrix": [0, 12], "x": 12.00, "y": 0.00 },
                { "matrix": [0, 13], "x": 13.00, "y": 0.00 },
                { "matrix": [0, 14], "x": 14.00, "y": 0.00 },
                { "matrix": [1, 0], "x": 0.00, "y": 1.00 },
                { "matrix": [1, 1], "x": 1.00, "y": 1.00 },
                { "matrix": [1, 2], "x": 2.00, "y": 1.00 },
                { "matrix": [1, 3], "x": 3.00, "y": 1.00 },
                { "matrix": [1, 4], "x": 4.00, "y": 1.00 },
                { "matrix": [1, 5], "x": 5.00, "y": 1.00 },
                { "matrix": [1, 6], "x": 6.00, "y": 1.00 },
                { "matrix": [1, 7], "x": 7.00, "y": 1.00 },
                { "matrix": [1, 8], "x": 8.00, "y": 1.00 },
                { "matrix": [1, 9], "x": 9.00, "y": 1.00 },
                { "matrix": [1, 10], "x": 10.00, "y": 1.00 },
                { "matrix": [1, 11], "x": 11.00, "y": 1.00 },
                { "matrix": [1, 12], "x": 12.00, "y": 1.00 },
                { "matrix": [1, 13], "x": 13.00, "y": 1.00 },
                { "matrix": [1, 14], "x": 14.00, "y": 1.00 },
                { "matrix": [2, 0], "x": 0.00, "y": 2.00 },
                { "matrix": [2, 1], "x": 1.00, "y": 2.00 },
                { "matrix": [2, 2], "x": 2.00, "y": 2.00 },
                { "matrix": [2, 3], "x": 3.00, "y": 2.00 },
                { "matrix": [2, 4], "x": 4.00, "y": 2.00 },
                { "matrix": [2, 5], "x": 5.00, "y": 2.00 },
                { "matrix": [2, 6], "x": 6.00, "y": 2.00 },
                { "matrix": [2, 7], "x": 7.00, "y": 2.00 },
                { "matrix": [2, 8], "x": 8.00, "y": 2.00 },
                { "matrix": [2, 9], "x": 9.00, "y": 2.00 },
                { "matrix": [2, 10], "x": 10.00, "y": 2.00 },
                { "matrix": [2, 11], "x": 11.00, "y": 2.00 },
                { "matrix": [2, 12], "x": 12.00, "y": 2.00 },
                { "matrix": [2, 13], "x": 13.00, "y": 2.00 },
                { "matrix": [2, 14], "x": 14.00, "y": 2.00 },
                { "matrix": [3, 0], "x": 0.00, "y": 3.00 },
                { "matrix": [3, 1], "x": 1.00, "y": 3.00 },
                { "matrix": [3, 2], "x": 2.00, "y": 3.00 },
                { "matrix": [3, 3], "x": 3.00, "y": 3.00 },
                { "matrix": [3, 4], "x": 4.00, "y": 3.00 },
                { "matrix": [3, 5], "x": 5.00, "y": 3.00 },
                { "matrix": [3, 6], "x": 6.00, "y": 3.00 },
                { "matrix": [3, 7], "x": 7.00, "y": 3.00 },
                { "matrix": [3, 8], "x": 8.00, "y": 3.00 },
                { "matrix": [3, 9], "x": 9.00, "y": 3.00 },
                { "matrix": [3, 10], "x": 10.00, "y": 3.00 },
                { "matrix": [3, 11], "x": 11.00, "y": 3.00 },
                { "matrix": [3, 12], "x": 12.00, "y": 3.00 },
                { "matrix": [3, 13], "x": 13.00, "y": 3.00 },
                { "matrix": [3, 14], "x": 14.00, "y": 3.00 },
                { "matrix": [4, 0], "x": 0.00, "y": 4.00 },
                { "matrix": [4, 1], "x": 1.00, "y": 4.00 },
                { "matrix": [4, 2], "x": 2.00, "y": 4.00 },
                { "matrix": [4, 3], "x": 3.00, "y": 4.00 },
                { "matrix": [4, 4], "x": 4.00, "y": 4.00 },
                { "matrix": [4, 5], "x": 5.00, "y": 4.00 },
                { "matrix": [4, 6], "x": 6.00, "y": 4.00 },
                { "matrix": [4, 7], "x": 7.00, "y": 4.00 },
                { "matrix": [4, 8], "x": 8.00, "y": 4.00 },
                { "matrix": [4, 9], "x": 9.00, "y": 4.00 },
                { "matrix": [4, 10], "x": 10.00, "y": 4.00 },
                { "matrix": [4, 11], "x": 11.00, "y": 4.00 },
                { "matrix": [4, 12], "x": 12.00, "y": 4.00 },
                { "matrix": [4, 13], "x": 13.00, "y": 4.00 },
                { "matrix": [4, 14], "x": 14.00, "y": 4.00 },
                { "matrix": [5, 0], "x": 0.00, "y": 5.00 },
                { "matrix": [5, 1], "x": 1.00, "y": 5.00 },
                { "matrix": [5, 2], "x": 2.00, "y": 5.00 },
                { "matrix": [5, 3], "x": 3.00, "y": 5.00 },
                { "matrix": [5, 4], "x": 4.00, "y": 5.00 },
                { "matrix": [5, 5], "x": 5.00, "y": 5.00 },
                { "matrix": [5, 6], "x": 6.00, "y": 5.00 },
                { "matrix": [5, 7], "x": 7.00, "y": 5.00 },
                { "matrix": [5, 8], "x": 8.00, "y": 5.00 },
                { "matrix": [5, 9], "x": 9.00, "y": 5.00 },
                { "matrix": [5, 10], "x": 10.00, "y": 5.00 },
                { "matrix": [5, 11], "x": 11.00, "y": 5.00 },
                { "matrix": [5, 12], "x": 12.00, "y": 5.00 },
                { "matrix": [5, 13], "x": 13.00, "y": 5.00 },
                { "matrix": [5, 14], "x": 14.00, "y": 5.00 }
            ]
        }
    }
}